relevance,label,feature_0,feature_1,examination_0
-4.099645137786865,0.9202484432985547,0.0,1.731867790222168,0.0
-4.201713562011719,0.7707956793660602,0.0,1.8134883642196655,0.0
-4.916129112243652,0.0,0.0,2.3348004817962646,0.0
-4.790270805358887,0.10403436798621639,0.0,2.2469561100006104,0.0
-3.9751737117767334,1.121324714031317,0.0,1.6290444135665894,0.0
-4.3721795082092285,0.5451789179749847,0.0,1.9461958408355713,0.0
-4.6100993156433105,0.2777760471078888,0.0,2.1209311485290527,0.0
-3.5052502155303955,2.283116022516464,0.0,1.1556540727615356,0.0
-2.2771692276000977,3.7108735794766994,0.0,0.7123124003410339,0.0
-2.1648385524749756,3.78770254420395,0.0,0.6851149797439575,0.0
-4.204164028167725,0.767348380839905,0.0,1.8154271841049194,0.0
-4.943392276763916,0.0,0.0,2.3537819385528564,0.0
-4.279332160949707,0.6645470729716472,0.0,1.8744754791259766,0.0
-4.748446464538574,0.1429728194942389,0.0,2.217724084854126,0.0
-4.70125675201416,0.18790843171107863,0.0,2.1847245693206787,0.0
-3.9399807453155518,1.185239449602565,0.0,1.5979117155075073,0.0
-4.484058856964111,0.4123225164275171,0.0,2.030395746231079,0.0
-3.615767002105713,1.9835901563235725,0.0,1.2615528106689453,0.0
-3.5419015884399414,2.1903341124319633,0.0,1.1875079870224,0.0
-2.1739721298217773,3.7788645656925643,0.0,0.688335657119751,0.0
-4.16593599319458,0.8218620846307,0.0,1.785070538520813,0.0
-4.209381580352783,0.7600281505259909,0.0,1.8195528984069824,0.0
-5.00141716003418,0.0,0.0,2.39408802986145,0.0
-4.758022785186768,0.13398450141971918,0.0,2.2244181632995605,0.0
-4.713862419128418,0.17580188052660992,0.0,2.193540096282959,0.0
-4.472734451293945,0.4252118294925478,0.0,2.0220110416412354,0.0
-3.779741048812866,1.538287501319128,0.0,1.4380325078964233,0.0
-3.711848020553589,1.7160342468352028,0.0,1.3645342588424683,0.0
-2.034198760986328,3.8509136619460484,0.0,0.024204688146710396,0.0
-3.048109292984009,2.9565152024157286,0.0,0.9433220624923706,0.0
-4.206672191619873,0.7638259828612549,0.0,1.817410945892334,0.0
-4.928380966186523,0.0,0.0,2.3433334827423096,0.0
-4.727700710296631,0.16259751000280864,0.0,2.2032177448272705,0.0
-4.422806739807129,0.4835528020494665,0.0,1.9846500158309937,0.0
-4.432315826416016,0.4722533571416603,0.0,1.9918118715286255,0.0
-4.55387020111084,0.33576805912821805,0.0,2.0812149047851562,0.0
-3.7805538177490234,1.5362266443440098,0.0,1.4389104843139648,0.0
-3.68137788772583,1.7991657047173841,0.0,1.331600546836853,0.0
-3.4162869453430176,2.4508348790825902,0.0,1.0999780893325806,0.0
-2.0178709030151367,4.0,0.0,0.47877752780914307,0.0
-4.1319966316223145,0.8715970439957387,0.0,1.7579268217086792,0.0
-4.044244766235352,1.0066793468804722,0.0,1.686732292175293,0.0
-4.945724964141846,0.0,0.0,2.355405330657959,0.0
-4.814144611358643,0.08217637416057436,0.0,2.263636350631714,0.0
-4.383356094360352,0.5313646689875361,0.0,1.9547282457351685,0.0
-4.632806301116943,0.2549934727282342,0.0,2.1368374824523926,0.0
-3.897059917449951,1.2692911739815187,0.0,1.5580394268035889,0.0
-3.6164944171905518,1.9815201327670318,0.0,1.262317180633545,0.0
-3.079888343811035,2.913962809788274,0.0,0.9560496807098389,0.0
-2.0432934761047363,3.9402855404799966,0.0,0.2011433094739914,0.0
-4.142105579376221,0.8566479196181218,0.0,1.766031265258789,0.0
-4.889348030090332,0.01507287173161814,0.0,2.3161330223083496,0.0
-4.842473983764648,0.056585061409751815,0.0,2.2834227085113525,0.0
-4.011008262634277,1.0606838371650127,0.0,1.6592562198638916,0.0
-4.276281833648682,0.6686116212881316,0.0,1.8720945119857788,0.0
-4.741173267364502,0.14982973777203634,0.0,2.2126386165618896,0.0
-4.541867733001709,0.34856829315538135,0.0,2.0725932121276855,0.0
-3.7413063049316406,1.637578493846628,0.0,1.3964427709579468,0.0
-3.36973237991333,2.515435223088787,0.0,1.079123616218567,0.0
-2.043794631958008,3.903144733950384,0.0,0.16483624279499054,0.0
-4.187374591827393,0.7910989962348586,0.0,1.8021222352981567,0.0
-4.196617603302002,0.7779873340533042,0.0,1.8094520568847656,0.0
-4.855223178863525,0.04519257863663587,0.0,2.2923226356506348,0.0
-4.832984447479248,0.06511615027074832,0.0,2.2767953872680664,0.0
-4.4133124351501465,0.49492385701367136,0.0,1.97747802734375,0.0
-4.545201301574707,0.3449961898979529,0.0,2.0749940872192383,0.0
-3.8372015953063965,1.3987616686309634,0.0,1.4988861083984375,0.0
-3.635068416595459,1.9287631427801755,0.0,1.2819610834121704,0.0
-2.0284221172332764,4.0,0.0,0.5604726076126099,0.0
-2.024224042892456,4.0,0.0,0.5533102750778198,0.0
-4.115505695343018,0.8962389559501194,0.0,1.744667887687683,0.0
-4.898754596710205,0.006867681020887041,0.0,2.3226916790008545,0.0
-4.010848045349121,1.060948422277423,0.0,1.6591229438781738,0.0
-4.709614276885986,0.17987355293736287,0.0,2.1905691623687744,0.0
-4.591919422149658,0.29621152038597365,0.0,2.108186960220337,0.0
-4.538616180419922,0.35206131252246337,0.0,2.070249319076538,0.0
-3.795968770980835,1.4974601056533392,0.0,1.4555405378341675,0.0
-3.733415126800537,1.6584026855014218,0.0,1.3878930807113647,0.0
-2.543947219848633,3.5182024326162393,0.0,0.7750497460365295,0.0
-2.0355606079101562,4.0,0.0,0.5694529414176941,0.0
-4.079199314117432,0.9516656809151259,0.0,1.7152923345565796,0.0
-4.231081962585449,0.7298820156337413,0.0,1.8366690874099731,0.0
-4.8686933517456055,0.03323685278726247,0.0,2.301724672317505,0.0
-4.823757171630859,0.07345068389089586,0.0,2.2703511714935303,0.0
-4.386844158172607,0.5270767573173558,0.0,1.95738685131073,0.0
-4.63981819152832,0.24801224855610882,0.0,2.141746997833252,0.0
-3.810321092605591,1.4621829820499581,0.0,1.470865249633789,0.0
-3.6852359771728516,1.7885330461080455,0.0,1.335763931274414,0.0
-2.977100133895874,3.0502125169562073,0.0,0.915450394153595,0.0
-2.024047374725342,4.0,0.0,0.41303637623786926,0.0
-4.219441890716553,0.7459927822523983,0.0,1.8274965286254883,0.0
-4.887818336486816,0.01641046805534598,0.0,2.3150668144226074,0.0
-4.311275005340576,0.6225423605599802,0.0,1.8993126153945923,0.0
-4.729326248168945,0.1610523659504579,0.0,2.2043545246124268,0.0
-4.724016189575195,0.1661045971975253,0.0,2.200640916824341,0.0
-4.425137519836426,0.48077481598331184,0.0,1.9864075183868408,0.0
-3.8627214431762695,1.3416674661197263,0.0,1.5246422290802002,0.0
-3.6318492889404297,1.9378847141865747,0.0,1.2785420417785645,0.0
-3.1991429328918457,2.753133070488576,0.0,1.0047410726547241,0.0
-2.0437211990356445,3.9200312542970974,0.0,0.18215487897396088,0.0
-4.197299003601074,0.7770235648657676,0.0,1.8099923133850098,0.0
-4.866410732269287,0.0352563318896432,0.0,2.3001320362091064,0.0
-4.799952983856201,0.09513874826527775,0.0,2.25372052192688,0.0
-4.271921157836914,0.6744356488810916,0.0,1.8686896562576294,0.0
-4.761993408203125,0.13027098203245344,0.0,2.2271931171417236,0.0
-4.49374532699585,0.40140097100976396,0.0,2.0375382900238037,0.0
-3.842365264892578,1.3869645179536467,0.0,1.5041662454605103,0.0
-3.6708292961120605,1.828377019166801,0.0,1.3202346563339233,0.0
-3.033977508544922,2.975364517404971,0.0,0.9376999139785767,0.0
-2.019099473953247,4.0,0.0,0.48839592933654785,0.0
-4.214644432067871,0.7526730724383973,0.0,1.8237102031707764,0.0
-4.837399959564209,0.06114123822461065,0.0,2.279879331588745,0.0
-4.781895637512207,0.11176607645918955,0.0,2.241103172302246,0.0
-3.99145770072937,1.0933248157971656,0.0,1.6429113149642944,0.0
-4.383356094360352,0.5313646689875361,0.0,1.9547282457351685,0.0
-4.5409770011901855,0.349524573919536,0.0,2.071951150894165,0.0
-4.5348381996154785,0.3561345398657842,0.0,2.0675208568573,0.0
-3.494546890258789,2.3079065969428476,0.0,1.147275447845459,0.0
-2.11189866065979,3.8743381927444718,0.0,0.6518563628196716,0.0
-2.022814989089966,4.0,0.0,0.5118651390075684,0.0
-4.187977313995361,0.7902414211229448,0.0,1.8026005029678345,0.0
-4.88731050491333,0.016856664659972872,0.0,2.314711332321167,0.0
-4.827655792236328,0.06992455151337623,0.0,2.27307391166687,0.0
-4.333596229553223,0.5937764639866906,0.0,1.9165695905685425,0.0
-4.668436527252197,0.2197855797911945,0.0,2.1617701053619385,0.0
-4.401695728302002,0.508953354451615,0.0,1.9686775207519531,0.0
-3.927333354949951,1.2093038363179032,0.0,1.5863739252090454,0.0
-3.404317855834961,2.4674935313125608,0.0,1.0945708751678467,0.0
-2.683293581008911,3.3808406777707867,0.0,0.8171331286430359,0.0
-2.0213348865509033,4.0,0.0,0.4353475272655487,0.0
-4.19657564163208,0.7780458268640861,0.0,1.8094192743301392,0.0
-4.895586967468262,0.00962529648501884,0.0,2.320483922958374,0.0
-4.268736362457275,0.6786996615181302,0.0,1.8662018775939941,0.0
-4.730241298675537,0.1601834428085948,0.0,2.2049942016601562,0.0
-4.486758708953857,0.4092690332577063,0.0,2.0323891639709473,0.0
-4.530811309814453,0.36049312427309954,0.0,2.0646069049835205,0.0
-3.762254238128662,1.583020253464252,0.0,1.4191244840621948,0.0
-3.692610740661621,1.7682991891001387,0.0,1.3437260389328003,0.0
-3.3930835723876953,2.4830569508172324,0.0,1.0895378589630127,0.0
-2.040646553039551,3.9996006719297745,0.0,0.25153663754463196,0.0
-4.066072463989258,0.9721249990578927,0.0,1.704602599143982,0.0
-4.840590000152588,0.05827563693779043,0.0,2.282106876373291,0.0
-4.987763404846191,0.0,0.0,2.3846166133880615,0.0
-4.316713333129883,0.6154902135834044,0.0,1.903524398803711,0.0
-3.9655795097351074,1.1382826793464256,0.0,1.6207141876220703,0.0
-4.628450870513916,0.2593422994551327,0.0,2.1337876319885254,0.0
-4.554218292236328,0.3353985838212348,0.0,2.0814645290374756,0.0
-3.5226266384124756,2.240492972482882,0.0,1.1701884269714355,0.0
-2.994844675064087,3.027091115338091,0.0,0.9223125576972961,0.0
-2.6375136375427246,3.4275156225243424,0.0,0.8029876947402954,0.0
-4.185004234313965,0.7944767150122788,0.0,1.8002400398254395,0.0
-4.0353264808654785,1.0209998298222431,0.0,1.6793930530548096,0.0
-4.928807735443115,0.0,0.0,2.3436310291290283,0.0
-4.756025791168213,0.13585535209788085,0.0,2.223022222518921,0.0
-3.99003267288208,1.0957362949256635,0.0,1.6417114734649658,0.0
-4.699099540710449,0.189987899963608,0.0,2.183215856552124,0.0
-4.563530445098877,0.32557633317587814,0.0,2.088116407394409,0.0
-3.7017107009887695,1.7434773969710031,0.0,1.3535645008087158,0.0
-3.1894383430480957,2.7664456503561916,0.0,1.0006686449050903,0.0
-2.018017292022705,4.0,0.0,0.4814997911453247,0.0
-4.882711887359619,0.020886345805507807,0.0,2.311505079269409,0.0
-4.28200626373291,0.6609939003642729,0.0,1.876560091972351,0.0
-4.765305995941162,0.1271775610191763,0.0,2.229508876800537,0.0
-4.753932952880859,0.13781797820026334,0.0,2.2215592861175537,0.0
-4.361332416534424,0.5587003022018971,0.0,1.9378923177719116,0.0
-3.9375016689300537,1.189912238712592,0.0,1.5956635475158691,0.0
-3.760822057723999,1.5867159549552359,0.0,1.4175750017166138,0.0
-3.588144063949585,2.0621779714411548,0.0,1.2328808307647705,0.0
-3.3905251026153564,2.4866027385264746,0.0,1.0883936882019043,0.0
-2.0955593585968018,3.919369311635002,0.0,0.6329724192619324,0.0
-4.213683605194092,0.7540141050352817,0.0,1.822951316833496,0.0
-4.811180114746094,0.08487625221665202,0.0,2.2615652084350586,0.0
-4.998876094818115,0.0,0.0,2.3923251628875732,0.0
-3.9913415908813477,1.0935190453602956,0.0,1.6428146362304688,0.0
-4.423116683959961,0.4831834801761306,0.0,1.9848835468292236,0.0
-4.582423210144043,0.30593698833339716,0.0,2.101508855819702,0.0
-3.9053328037261963,1.2525571817489078,0.0,1.5658830404281616,0.0
-3.577840566635132,2.091305306138618,0.0,1.222421646118164,0.0
-3.4681434631347656,2.3636665782797555,0.0,1.1286240816116333,0.0
-2.050572633743286,4.0,0.0,0.5834997296333313,0.0
-4.150327205657959,0.8445743707365356,0.0,1.7726106643676758,0.0
-4.150603294372559,0.8441702029624418,0.0,1.7728314399719238,0.0
-4.931190013885498,0.0,0.0,2.345290184020996,0.0
-4.712265968322754,0.1773304153126414,0.0,2.1924240589141846,0.0
-4.700822830200195,0.18832690874956262,0.0,2.1844208240509033,0.0
-4.5586934089660645,0.33066631500005106,0.0,2.084665536880493,0.0
-3.8198540210723877,1.43931194406456,0.0,1.4808998107910156,0.0
-3.570160388946533,2.1128703010034537,0.0,1.214734673500061,0.0
-2.8518877029418945,3.201436321299301,0.0,0.8706655502319336,0.0
-2.042081594467163,3.973321224540348,0.0,0.22976161539554596,0.0
-4.1106414794921875,0.9035706140795199,0.0,1.7407468557357788,0.0
-4.954250335693359,0.0,0.0,2.361335039138794,0.0
-4.809643745422363,0.08627765282663098,0.0,2.260491371154785,0.0
-3.964268684387207,1.1406273341737176,0.0,1.6195664405822754,0.0
-4.390697002410889,0.5223549089507276,0.0,1.9603201150894165,0.0
-4.541569232940674,0.34888712484017215,0.0,2.0723791122436523,0.0
-3.8371589183807373,1.3988614863453102,0.0,1.4988415241241455,0.0
-3.4982175827026367,2.2995395650381925,0.0,1.1500972509384155,0.0
-3.1722381114959717,2.7899100847268183,0.0,0.9935110211372375,0.0
-2.0197830200195312,4.0,0.0,0.5279186964035034,0.0
-4.107658863067627,0.9080790674055211,0.0,1.7383410930633545,0.0
-4.173370361328125,0.8111366487412458,0.0,1.7909924983978271,0.0
-4.964535236358643,0.0,0.0,2.36848521232605,0.0
-4.729910373687744,0.16049786805224964,0.0,2.2047626972198486,0.0
-4.726373672485352,0.1638600154442335,0.0,2.202289581298828,0.0
-4.514327049255371,0.37851091385116603,0.0,2.0526225566864014,0.0
-3.9007740020751953,1.2617457308232065,0.0,1.561570405960083,0.0
-3.6520559787750244,1.880840870805065,0.0,1.3000826835632324,0.0
-2.034756898880005,3.8491839226835802,0.0,0.03178932145237923,0.0
-3.532177686691284,2.215976222635189,0.0,1.1786242723464966,0.0
-4.850350856781006,0.049536867926027336,0.0,2.288922071456909,0.0
-4.928393840789795,0.0,0.0,2.3433430194854736,0.0
-4.27533483505249,0.6698738762948631,0.0,1.8713558912277222,0.0
-3.9948856830596924,1.0875494758250404,0.0,1.6457891464233398,0.0
-4.733469486236572,0.15711959729320019,0.0,2.207252025604248,0.0
-4.446404933929443,0.45567290839664437,0.0,2.002384901046753,0.0
-3.6862597465515137,1.7857199538058155,0.0,1.3368678092956543,0.0
-3.1762561798095703,2.784444978186877,0.0,0.995175838470459,0.0
-2.433868885040283,3.611209080815538,0.0,0.7455024719238281,0.0
-2.044525146484375,4.0,0.0,0.5781291127204895,0.0
-4.835303783416748,0.06302695228402563,0.0,2.2784154415130615,0.0
-4.7548017501831055,0.13700306225801143,0.0,2.2221665382385254,0.0
-4.716921329498291,0.17287583922986013,0.0,2.195678949356079,0.0
-4.408347129821777,0.5009047182557781,0.0,1.973719835281372,0.0
-3.928468942642212,1.2071192535156663,0.0,1.5874172449111938,0.0
-4.503011703491211,0.3910420235843295,0.0,2.0443453788757324,0.0
-3.7953193187713623,1.4990816471913686,0.0,1.4548405408859253,0.0
-3.683626651763916,1.7929646927235612,0.0,1.3340269327163696,0.0
-2.2392587661743164,3.7319260421688867,0.0,0.705026388168335,0.0
-2.023885726928711,4.0,0.0,0.41435882449150085,0.0
-4.8266377449035645,0.07084463212864978,0.0,2.2723629474639893,0.0
-4.765120983123779,0.1273500446269863,0.0,2.229379653930664,0.0
-4.359753131866455,0.5606776244341224,0.0,1.9366819858551025,0.0
-4.453247547149658,0.4476908475838911,0.0,2.007502317428589,0.0
-4.5716118812561035,0.317128402765174,0.0,2.0938620567321777,0.0
-3.910494565963745,1.2422476337282597,0.0,1.5707385540008545,0.0
-3.7315235137939453,1.663414314343447,0.0,1.3858442306518555,0.0
-2.0345542430877686,3.849761235110255,0.0,0.028976108878850937,0.0
-3.535543441772461,2.2071764714975934,0.0,1.1816658973693848,0.0
-3.423370838165283,2.440527036414751,0.0,1.1033344268798828,0.0
-4.874990463256836,0.02767694994516919,0.0,2.306118965148926,0.0
-5.000824928283691,0.0,0.0,2.393677234649658,0.0
-4.764167308807373,0.12824071913896037,0.0,2.228712558746338,0.0
-4.379786968231201,0.5357635357944855,0.0,1.9520058631896973,0.0
-3.9426627159118652,1.180208210966093,0.0,1.6003365516662598,0.0
-4.529462814331055,0.36195685715794945,0.0,2.063629627227783,0.0
-3.896462917327881,1.2705084290350737,0.0,1.557470679283142,0.0
-3.5323498249053955,2.215530811708949,0.0,1.178778052330017,0.0
-3.3242526054382324,2.578858980997894,0.0,1.0589354038238525,0.0
-2.645521879196167,3.4194273624869367,0.0,0.8054485321044922,0.0
-4.096951007843018,0.9243570141042876,0.0,1.7296890020370483,0.0
-4.861966133117676,0.03919679366929207,0.0,2.297029733657837,0.0
-4.91476583480835,0.0,0.0,2.3338510990142822,0.0
-4.259825706481934,0.6906864863637381,0.0,1.8592311143875122,0.0
-4.672906875610352,0.2154137668766201,0.0,2.1648964881896973,0.0
-4.5769944190979,0.31154153841399324,0.0,2.0976743698120117,0.0
-3.698073387145996,1.7533791718945657,0.0,1.349630355834961,0.0
-3.4597043991088867,2.3798115474860153,0.0,1.12327241897583,0.0
-3.1816751956939697,2.777058329796695,0.0,0.9974281787872314,0.0
-2.031813621520996,4.0,0.0,0.5650864839553833,0.0
-4.084723472595215,0.9431231413837504,0.0,1.7197799682617188,0.0
-4.231184482574463,0.7297423889547562,0.0,1.8367488384246826,0.0
-4.899864673614502,0.005902080756978886,0.0,2.323465585708618,0.0
-4.843554496765137,0.055616897527979874,0.0,2.284176826477051,0.0
-3.9785897731781006,1.1153696722510278,0.0,1.6319818496704102,0.0
-4.707660675048828,0.18174772255951707,0.0,2.1892037391662598,0.0
-4.585022926330566,0.3032641798405632,0.0,2.1033411026000977,0.0
-3.7701363563537598,1.5627619762678115,0.0,1.4276522397994995,0.0
-2.03647780418396,3.8474633809790877,0.0,0.058457568287849426,0.0
-3.1545276641845703,2.8138723261835015,0.0,0.9862271547317505,0.0
-4.0941877365112305,0.9285819083748391,0.0,1.727452039718628,0.0
-4.179917812347412,0.8017426156488563,0.0,1.7961995601654053,0.0
-4.891270637512207,0.013392483153170097,0.0,2.3174736499786377,0.0
-4.745625972747803,0.14562907776458414,0.0,2.215751886367798,0.0
-3.974536657333374,1.1224395245410719,0.0,1.628495216369629,0.0
-4.69149112701416,0.1973401525414097,0.0,2.177894353866577,0.0
-4.517353057861328,0.37518303981917744,0.0,2.054828643798828,0.0
-3.7278683185577393,1.6731230897793137,0.0,1.3818846940994263,0.0
-3.488252639770508,2.321913100898513,0.0,1.142565369606018,0.0
-2.120418071746826,3.854331866256594,0.0,0.6598488688468933,0.0
-4.85581636428833,0.04466424539131131,0.0,2.292736768722534,0.0
-4.989898681640625,0.0,0.0,2.386098861694336,0.0
-3.9959444999694824,1.0857722633304714,0.0,1.646675944328308,0.0
-4.7305402755737305,0.1598988529003859,0.0,2.2052037715911865,0.0
-4.382259845733643,0.5327142571727017,0.0,1.953892469406128,0.0
-4.526131629943848,0.36557916573007954,0.0,2.061213970184326,0.0
-3.8810012340545654,1.3025377010797938,0.0,1.5425927639007568,0.0
-3.673825740814209,1.8200573308569228,0.0,1.3234610557556152,0.0
-2.9737586975097656,3.054534753707662,0.0,0.9141684770584106,0.0
-2.019625186920166,4.0,0.0,0.45031097531318665,0.0
-4.118040561676025,0.8924289342554401,0.0,1.7467098236083984,0.0
-4.918781757354736,0.0,0.0,2.3366482257843018,0.0
-4.802894115447998,0.09244364621123909,0.0,2.2557764053344727,0.0
-4.3019232749938965,0.6347387047082736,0.0,1.892057180404663,0.0
-3.9680027961730957,1.133969933479932,0.0,1.6228278875350952,0.0
-4.701305389404297,0.18786179379858792,0.0,2.184758424758911,0.0
-4.540031909942627,0.3505384866466693,0.0,2.071270704269409,0.0
-3.4289357662200928,2.432100192355972,0.0,1.1060843467712402,0.0
-3.1027934551239014,2.883248327893098,0.0,0.9652713537216187,0.0
-2.058810234069824,4.0,0.0,0.5906713604927063,0.0
-4.0898356437683105,0.9352538560143894,0.0,1.7239266633987427,0.0
-4.889984607696533,0.014516544596942429,0.0,2.3165767192840576,0.0
-4.940835952758789,0.0,0.0,2.352003574371338,0.0
-4.319886684417725,0.6113870139877197,0.0,1.9059805870056152,0.0
-4.324282646179199,0.6057203679549823,0.0,1.909379482269287,0.0
-4.61213493347168,0.275723008185809,0.0,2.1223573684692383,0.0
-3.7203731536865234,1.6931269126963908,0.0,1.3737661838531494,0.0
-3.6881802082061768,1.7804444900194922,0.0,1.3389406204223633,0.0
-2.043686628341675,3.922341270277428,0.0,0.1844027191400528,0.0
-2.0293290615081787,4.0,0.0,0.5617848038673401,0.0
-4.943201541900635,0.0,0.0,2.3536489009857178,0.0
-3.99090576171875,1.0942577700247629,0.0,1.6424469947814941,0.0
-4.325319290161133,0.6043887026290402,0.0,1.9101793766021729,0.0
-4.344095706939697,0.5804116271908706,0.0,1.9246573448181152,0.0
-4.684345722198486,0.20426842882073973,0.0,2.1728978157043457,0.0
-4.531477451324463,0.35977143997689665,0.0,2.065088987350464,0.0
-3.7631704807281494,1.5806578879380473,0.0,1.4201159477233887,0.0
-3.7150754928588867,1.707343737016102,0.0,1.3680285215377808,0.0
-2.033878803253174,3.852080449682659,0.0,0.020096702501177788,0.0
-3.423165798187256,2.440832014427223,0.0,1.1032350063323975,0.0
-4.154295444488525,0.8387736356189881,0.0,1.775782585144043,0.0
-4.8756184577941895,0.027123471809790394,0.0,2.3065571784973145,0.0
-4.897938251495361,0.007577504934606173,0.0,2.3221230506896973,0.0
-4.752769947052002,0.138910201556878,0.0,2.220745801925659,0.0
-3.9380593299865723,1.1888582643427965,0.0,1.5961703062057495,0.0
-3.9261093139648438,1.211664060104831,0.0,1.5852476358413696,0.0
-4.547505855560303,0.34253569131400075,0.0,2.0766501426696777,0.0
-3.7513740062713623,1.611227816665205,0.0,1.407346248626709,0.0
-3.039785861968994,2.9676252641385754,0.0,0.940007209777832,0.0
-2.050252914428711,4.0,0.0,0.5832207202911377,0.0
-4.162923336029053,0.8262254478604718,0.0,1.7826683521270752,0.0
-4.829938888549805,0.06786209852092907,0.0,2.2746689319610596,0.0
-4.79668664932251,0.09813416268585075,0.0,2.251439094543457,0.0
-3.979501247406006,1.113786709207062,0.0,1.6327637434005737,0.0
-3.943692684173584,1.1782850309920296,0.0,1.6012645959854126,0.0
-4.575900077819824,0.31267414469065674,0.0,2.096900701522827,0.0
-4.493886947631836,0.4012420528582475,0.0,2.037642478942871,0.0
-3.6120619773864746,1.994138513371923,0.0,1.2576651573181152,0.0
-2.094978094100952,3.921075478706716,0.0,0.6322287321090698,0.0
-2.0192935466766357,4.0,0.0,0.5318040251731873,0.0
-4.921304225921631,0.0,0.0,2.3384058475494385,0.0
-4.0098876953125,1.0625364715762673,0.0,1.6583232879638672,0.0
-4.761375427246094,0.13084767879673156,0.0,2.226761817932129,0.0
-4.3189263343811035,0.6126285551506834,0.0,1.9052369594573975,0.0
-4.703057765960693,0.1861743785773738,0.0,2.185983896255493,0.0
-4.452078819274902,0.44905107101072905,0.0,2.00662899017334,0.0
-3.8093442916870117,1.4645505074471334,0.0,1.4698309898376465,0.0
-3.5645313262939453,2.1285672209135313,0.0,1.2091692686080933,0.0
-2.1014480590820312,3.902468095933341,0.0,0.6402209401130676,0.0
-2.0919244289398193,3.9301469674588616,0.0,0.6282352805137634,0.0
-4.201054096221924,0.7717246420663076,0.0,1.8129663467407227,0.0
-4.932084560394287,0.0,0.0,2.3459126949310303,0.0
-4.717811107635498,0.17202439341727793,0.0,2.1963019371032715,0.0
-4.707997798919678,0.18142492438382088,0.0,2.189438819885254,0.0
-4.33887243270874,0.5870470583056238,0.0,1.9206362962722778,0.0
-4.4678754806518555,0.4307802646188038,0.0,2.0184035301208496,0.0
-3.77425479888916,1.552241272229027,0.0,1.4321038722991943,0.0
-3.5734291076660156,2.1037103041352245,0.0,1.217993974685669,0.0
-2.296396255493164,3.7005724377767453,0.0,0.7158377170562744,0.0
-2.0750656127929688,3.976531006738406,0.0,0.6066084504127502,0.0
-4.170203685760498,0.815698437508825,0.0,1.78847074508667,0.0
-4.885992050170898,0.018010848497161936,0.0,2.3137922286987305,0.0
-4.90425443649292,0.002088765625195608,0.0,2.326526165008545,0.0
-3.9913885593414307,1.0934412081895375,0.0,1.6428533792495728,0.0
-4.747792720794678,0.1435883868514406,0.0,2.217266798019409,0.0
-4.420145511627197,0.4867317093949482,0.0,1.9826414585113525,0.0
-3.8346993923187256,1.4045257745987882,0.0,1.4963140487670898,0.0
-3.789128065109253,1.514589842236776,0.0,1.4481652975082397,0.0
-3.1029820442199707,2.8829950557381463,0.0,0.9653475284576416,0.0
-2.0336458683013916,4.0,0.0,0.5673004388809204,0.0
-4.925482749938965,0.0,0.0,2.341315269470215,0.0
-4.800297737121582,0.09482193157414318,0.0,2.2539620399475098,0.0
-4.3916401863098145,0.5212007406899081,0.0,1.9610379934310913,0.0
-4.612372875213623,0.27548186982087586,0.0,2.1225249767303467,0.0
-4.4573974609375,0.4428718210904666,0.0,2.0106005668640137,0.0
-3.919949531555176,1.2236220510781217,0.0,1.579555869102478,0.0
-3.727914571762085,1.672999837068002,0.0,1.3819348812103271,0.0
-3.687742233276367,1.781644551663874,0.0,1.3384687900543213,0.0
-3.546621799468994,2.1776648684596065,0.0,1.191920518875122,0.0
-2.038203477859497,4.0,0.0,0.2814124524593353,0.0
-4.131028652191162,0.8730330021343544,0.0,1.7571507692337036,0.0
-4.908828258514404,0.0,0.0,2.329713821411133,0.0
-4.836374759674072,0.06206388382919936,0.0,2.279162883758545,0.0
-4.711931228637695,0.1776515567752453,0.0,2.1921896934509277,0.0
-3.950949192047119,1.1648276167213731,0.0,1.6077765226364136,0.0
-4.4177727699279785,0.48957111427143724,0.0,1.9808497428894043,0.0
-3.914775848388672,1.233773342153541,0.0,1.5747430324554443,0.0
-3.3599350452423096,2.52906048547132,0.0,1.0747634172439575,0.0
-3.2423386573791504,2.693366473271604,0.0,1.0231341123580933,0.0
-2.0281167030334473,4.0,0.0,0.5600156784057617,0.0
-4.189492702484131,0.7880859221706688,0.0,1.8038033246994019,0.0
-4.993871688842773,0.0,0.0,2.388854503631592,0.0
-4.729548454284668,0.16084246713016326,0.0,2.2045090198516846,0.0
-3.974536657333374,1.1224395245410719,0.0,1.628495216369629,0.0
-4.696325302124023,0.19266506718193624,0.0,2.1812758445739746,0.0
-4.365180015563965,0.5538911196433992,0.0,1.940840244293213,0.0
-4.401529788970947,0.5091542686809237,0.0,1.9685518741607666,0.0
-3.742129325866699,1.635417765774108,0.0,1.3973332643508911,0.0
-3.014582872390747,3.001105234567058,0.0,0.9300358295440674,0.0
-2.079301595687866,3.9664497729093506,0.0,0.6115031838417053,0.0
-4.0777153968811035,0.9539663615600923,0.0,1.7140861749649048,0.0
-4.896094799041748,0.00918336150442338,0.0,2.3208374977111816,0.0
-4.799636363983154,0.09542809067470251,0.0,2.253499984741211,0.0
-4.293808460235596,0.6453896721285565,0.0,1.8857505321502686,0.0
-4.3394246101379395,0.5863452944640825,0.0,1.9210610389709473,0.0
-4.521008014678955,0.371175289895417,0.0,2.0574898719787598,0.0
-3.7054288387298584,1.7333877447787975,0.0,1.3575862646102905,0.0
-3.575289011001587,2.0984879898869746,0.0,1.2198560237884521,0.0
-3.2708802223205566,2.6535488819253295,0.0,1.0354949235916138,0.0
-2.0185115337371826,4.0,0.0,0.46222344040870667,0.0
-4.9606242179870605,0.0,0.0,2.3657665252685547,0.0
-4.8019795417785645,0.09328147548380018,0.0,2.2551369667053223,0.0
-4.3011651039123535,0.6357300970202796,0.0,1.8914690017700195,0.0
-4.373879432678223,0.5430709314753212,0.0,1.947494626045227,0.0
-4.520567893981934,0.37165603416910414,0.0,2.0571703910827637,0.0
-3.8978776931762695,1.2676254723527443,0.0,1.5588181018829346,0.0
-3.686429500579834,1.7852517558518746,0.0,1.3370516300201416,0.0
-3.5758767127990723,2.0968340039078663,0.0,1.2204463481903076,0.0
-3.4853620529174805,2.3281969723113134,0.0,1.1404577493667603,0.0
-2.7117326259613037,3.3514743931021727,0.0,0.8259720802307129,0.0
-4.1944260597229,0.7810888684581772,0.0,1.807714819908142,0.0
-4.947183132171631,0.0,0.0,2.356419563293457,0.0
-4.820916175842285,0.07602553214235971,0.0,2.2683663368225098,0.0
-4.753468990325928,0.13825453593952536,0.0,2.221234083175659,0.0
-4.376620292663574,0.5396753986466758,0.0,1.9495891332626343,0.0
-4.413257122039795,0.4949899823644461,0.0,1.9774364233016968,0.0
-3.90460205078125,1.2540245003150257,0.0,1.5651934146881104,0.0
-3.5854849815368652,2.0697127765765733,0.0,1.2301666736602783,0.0
-2.6983284950256348,3.365338850618736,0.0,0.8218042254447937,0.0
-2.0257210731506348,4.0,0.0,0.3992457985877991,0.0
-4.113899230957031,0.8986556278224836,0.0,1.743374228477478,0.0
-4.960393905639648,0.0,0.0,2.3656067848205566,0.0
-4.787378311157227,0.1067008672715699,0.0,2.2449347972869873,0.0
-3.967503070831299,1.134855479124685,0.0,1.6223936080932617,0.0
-4.655223846435547,0.23276355038195887,0.0,2.152529239654541,0.0
-4.543124675750732,0.34721999123865066,0.0,2.0734989643096924,0.0
-3.7773427963256836,1.544377421481389,0.0,1.4354416131973267,0.0
-3.7669155597686768,1.5710224397047705,0.0,1.4241679906845093,0.0
-2.107806444168091,3.884957769331139,0.0,0.64752197265625,0.0
-2.018477201461792,4.0,0.0,0.46266424655914307,0.0
-4.147945880889893,0.8480636857537676,0.0,1.770706057548523,0.0
-4.173769474029541,0.8105640287966455,0.0,1.7913093566894531,0.0
-4.844370365142822,0.05488538525278684,0.0,2.2847468852996826,0.0
-4.815795421600342,0.08067448487694824,0.0,2.2647898197174072,0.0
-4.759785175323486,0.13233502506201428,0.0,2.2256500720977783,0.0
-4.377459526062012,0.5386383843027408,0.0,1.9502294063568115,0.0
-3.9378364086151123,1.1892799551267876,0.0,1.5959675312042236,0.0
-3.7876017093658447,1.5184273928307293,0.0,1.446518898010254,0.0
-3.0833284854888916,2.9093498721360866,0.0,0.9574326872825623,0.0
-2.0426065921783447,3.961156916401464,0.0,0.2194567620754242,0.0
-4.852311134338379,0.04778818104971836,0.0,2.290289878845215,0.0
-4.745391845703125,0.1458498500812879,0.0,2.215588092803955,0.0
-3.9802308082580566,1.1125220057396217,0.0,1.6333887577056885,0.0
-4.409263610839844,0.4997982972990848,0.0,1.974414348602295,0.0
-4.580377101898193,0.30804562171260025,0.0,2.100064992904663,0.0
-4.506910800933838,0.3867087105061948,0.0,2.0472023487091064,0.0
-3.6599557399749756,1.8586941079265866,0.0,1.3085490465164185,0.0
-3.4406514167785645,2.4133607805425656,0.0,1.1122193336486816,0.0
-2.036017656326294,3.847264451109274,0.0,0.0508832111954689,0.0
-2.1834404468536377,3.770678057282104,0.0,0.6912954449653625,0.0
-4.159016132354736,0.8318972350268149,0.0,1.7795518636703491,0.0
-4.881731986999512,0.021747259152575804,0.0,2.310821056365967,0.0
-4.779519557952881,0.11396526740678171,0.0,2.239442825317383,0.0
-4.709485054016113,0.17999621725801296,0.0,2.1904797554016113,0.0
-4.362027168273926,0.5578304726329755,0.0,1.938425064086914,0.0
-3.947498083114624,1.1712047972782842,0.0,1.6046867370605469,0.0
-3.799499750137329,1.4886841839954184,0.0,1.4593356847763062,0.0
-3.729767322540283,1.6680755699725387,0.0,1.383941650390625,0.0
-3.289733409881592,2.627172769350985,0.0,1.0437335968017578,0.0
-2.0392305850982666,4.0,0.0,0.2694162428379059,0.0
-4.171525955200195,0.8137928679396172,0.0,1.7895236015319824,0.0
-4.965235710144043,0.0,0.0,2.368971824645996,0.0
-3.9658963680267334,1.1377175122316758,0.0,1.6209909915924072,0.0
-4.674692630767822,0.21366844522827552,0.0,2.1661465167999268,0.0
-4.612372875213623,0.27548186982087586,0.0,2.1225249767303467,0.0
-4.5861334800720215,0.30212617700427946,0.0,2.1041219234466553,0.0
-3.918527603149414,1.2264018205749554,0.0,1.5782362222671509,0.0
-3.490961790084839,2.315936841786086,0.0,1.1445729732513428,0.0
-3.2629475593566895,2.664632890022593,0.0,1.0320450067520142,0.0
-2.031310796737671,4.0,0.0,0.3514312207698822,0.0
-4.821492671966553,0.07550191423491152,0.0,2.2687697410583496,0.0
-4.955442905426025,0.0,0.0,2.3621644973754883,0.0
-3.9902164936065674,1.095424708118185,0.0,1.6418664455413818,0.0
-3.971856117248535,1.1271500690281313,0.0,1.6261770725250244,0.0
-4.342710971832275,0.5821686847504766,0.0,1.9235914945602417,0.0
-4.672462463378906,0.21584675464029734,0.0,2.1645865440368652,0.0
-4.57852029800415,0.3099621354368625,0.0,2.0987539291381836,0.0
-3.429001569747925,2.431999104996138,0.0,1.1061173677444458,0.0
-2.6487138271331787,3.4161933059679934,0.0,0.8064312934875488,0.0
-2.040764331817627,3.9976135412661766,0.0,0.24990230798721313,0.0
-4.892203330993652,0.012578133388793298,0.0,2.3181238174438477,0.0
-4.848040580749512,0.05160142729999842,0.0,2.287308931350708,0.0
-4.399172306060791,0.5120171700051099,0.0,1.966762661933899,0.0
-3.9230611324310303,1.2175633065669176,0.0,1.5824366807937622,0.0
-4.587605953216553,0.30061696863438314,0.0,2.1051580905914307,0.0
-4.577948093414307,0.3105542736473586,0.0,2.098349094390869,0.0
-3.7520744800567627,1.609403213641168,0.0,1.4081047773361206,0.0
-3.2485852241516113,2.6846688290045506,0.0,1.0258265733718872,0.0
-2.5150415897369385,3.544313833332571,0.0,0.766862154006958,0.0
-2.091684341430664,3.9308676818745893,0.0,0.62791508436203,0.0
-4.982030391693115,0.0,0.0,2.3806381225585938,0.0
-4.7253923416137695,0.1647932369680802,0.0,2.201603889465332,0.0
-4.329375743865967,0.5991786262287587,0.0,1.9133131504058838,0.0
-3.958901882171631,1.1502969559660994,0.0,1.6148432493209839,0.0
-4.61582088470459,0.27200956765327594,0.0,2.1249406337738037,0.0
-4.540853500366211,0.34965599343710796,0.0,2.0718629360198975,0.0
-3.8362228870391846,1.4010140096528532,0.0,1.497880458831787,0.0
-3.7005395889282227,1.7466615215585781,0.0,1.3522980213165283,0.0
-3.22745680809021,2.71403855475224,0.0,1.0167512893676758,0.0
-2.021066188812256,4.0,0.0,0.49786198139190674,0.0
-4.06147575378418,0.9793452736636175,0.0,1.7008495330810547,0.0
-4.893387794494629,0.011543359760605726,0.0,2.3189504146575928,0.0
-4.240813255310059,0.7165214703643439,0.0,1.844320297241211,0.0
-4.9509382247924805,0.0,0.0,2.3590316772460938,0.0
-4.575049877166748,0.31355586690877824,0.0,2.0962986946105957,0.0
-4.515682220458984,0.3770195267506948,0.0,2.0536108016967773,0.0
-3.889045000076294,1.2857559552065958,0.0,1.5503671169281006,0.0
-3.787907600402832,1.517658983270954,0.0,1.4468483924865723,0.0
-2.105970621109009,3.889906136791612,0.0,0.6454788446426392,0.0
-2.0228147506713867,4.0,0.0,0.5124044418334961,0.0
-4.9049835205078125,0.0014571585477028573,0.0,2.327033758163452,0.0
-4.014891624450684,1.0542805649495466,0.0,1.6624855995178223,0.0
-4.7237935066223145,0.16631571874004894,0.0,2.200485944747925,0.0
-4.379953384399414,0.5355568635673849,0.0,1.9521336555480957,0.0
-4.6592535972595215,0.22879489119477414,0.0,2.155348777770996,0.0
-4.509273052215576,0.38409107456556846,0.0,2.0489308834075928,0.0
-3.834656238555908,1.4046263261811411,0.0,1.4962692260742188,0.0
-3.643472194671631,1.9050046191804222,0.0,1.2909116744995117,0.0
-3.290376663208008,2.6262732900752606,0.0,1.0440152883529663,0.0
-2.114086627960205,3.8689200756582367,0.0,0.6540424823760986,0.0
-4.873605251312256,0.028899261793692083,0.0,2.3051517009735107,0.0
-4.236923694610596,0.7218504974907798,0.0,1.8412636518478394,0.0
-4.946543216705322,0.0,0.0,2.3559741973876953,0.0
-3.954630136489868,1.1580737124796348,0.0,1.6110565662384033,0.0
-4.650635242462158,0.23729376028933646,0.0,2.149317502975464,0.0
-4.600744724273682,0.28724094257345967,0.0,2.1143741607666016,0.0
-3.9160847663879395,1.2311948990586992,0.0,1.5759638547897339,0.0
-3.764108180999756,1.5782426340798488,0.0,1.4211304187774658,0.0
-3.112309455871582,2.8704916707468033,0.0,0.969110906124115,0.0
-2.034236431121826,4.0,0.0,0.5679806470870972,0.0
-4.075455665588379,0.9574780446709097,0.0,1.7122471332550049,0.0
-4.8514838218688965,0.048525911609732866,0.0,2.28971266746521,0.0
-4.786604881286621,0.10741453551200439,0.0,2.244394302368164,0.0
-4.7379150390625,0.1529096935463802,0.0,2.210360288619995,0.0
-4.345025539398193,0.5792340307624224,0.0,1.9253721237182617,0.0
-3.949805974960327,1.1669358156911416,0.0,1.6067543029785156,0.0
-4.414117336273193,0.49395644429609986,0.0,1.9780868291854858,0.0
-3.7623212337493896,1.5828472093865527,0.0,1.4191970825195312,0.0
-2.140148401260376,3.8183912872891668,0.0,0.6737094521522522,0.0
-2.019242763519287,4.0,0.0,0.5329197645187378,0.0
-4.148520469665527,0.8472215596956992,0.0,1.7711654901504517,0.0
-4.872231960296631,0.030110671418287386,0.0,2.3041937351226807,0.0
-4.754940986633301,0.13687223484974,0.0,2.222264051437378,0.0
-4.3918256759643555,0.5209746499369756,0.0,1.9611786603927612,0.0
-4.599985599517822,0.2880095979835872,0.0,2.1138429641723633,0.0
-4.562173366546631,0.3270014610778286,0.0,2.0871493816375732,0.0
-3.916639804840088,1.230103907843399,0.0,1.576480746269226,0.0
-3.735072374343872,1.654017195317851,0.0,1.3896887302398682,0.0
-3.522125720977783,2.2417598625952753,0.0,1.1697540283203125,0.0
-2.0399587154388428,4.0,0.0,0.2605164051055908,0.0
-4.030047416687012,1.0295327755912476,0.0,1.6750383377075195,0.0
-4.861447811126709,0.03965737524048602,0.0,2.2966675758361816,0.0
-4.859182357788086,0.04166879494256704,0.0,2.2950870990753174,0.0
-4.735058307647705,0.15561469963883856,0.0,2.208362340927124,0.0
-4.353611946105957,0.5683902627807051,0.0,1.9319705963134766,0.0
-4.398508548736572,0.5128238936499265,0.0,1.9662588834762573,0.0
-3.693479061126709,1.7659224480936893,0.0,1.3446646928787231,0.0
-3.6090149879455566,2.002817146336304,0.0,1.2544758319854736,0.0
-3.40759539604187,2.4629536785480437,0.0,1.0960423946380615,0.0
-2.0199997425079346,4.0,0.0,0.5269155502319336,0.0
-4.960596561431885,0.0,0.0,2.3657476902008057,0.0
-4.781986236572266,0.11168149557065381,0.0,2.2411670684814453,0.0
-3.9803457260131836,1.1123245009801568,0.0,1.6334863901138306,0.0
-3.9661009311676025,1.1373544252419898,0.0,1.621168851852417,0.0
-4.346712589263916,0.5770987039951073,0.0,1.9266691207885742,0.0
-4.578000068664551,0.31050021412107376,0.0,2.09838604927063,0.0
-4.494311809539795,0.40076500294942796,0.0,2.0379552841186523,0.0
-3.746819019317627,1.6231198269100426,0.0,1.4024137258529663,0.0
-3.392106294631958,2.484411683232998,0.0,1.0891005992889404,0.0
-2.0185017585754395,4.0,0.0,0.46234941482543945,0.0
-4.049084186553955,0.9989602845754433,0.0,1.6907044649124146,0.0
-4.16416597366333,0.8244230005645614,0.0,1.7836601734161377,0.0
-4.9262003898620605,0.0,0.0,2.34181547164917,0.0
-4.743221282958984,0.14789618276040495,0.0,2.2140707969665527,0.0
-4.719908714294434,0.1700209129315566,0.0,2.1977689266204834,0.0
-4.472788333892822,0.4251504477216609,0.0,2.0220508575439453,0.0
-3.813664197921753,1.454113270283063,0.0,1.474396824836731,0.0
-3.59664249420166,2.038042648635371,0.0,1.2416152954101562,0.0
-2.535088300704956,3.5263186046337824,0.0,0.7725127339363098,0.0
-2.0251824855804443,4.0,0.0,0.555148720741272,0.0
-4.14212703704834,0.8566163461051208,0.0,1.7660484313964844,0.0
-4.038762092590332,1.015467904513961,0.0,1.6822235584259033,0.0
-4.854642868041992,0.04570859404488919,0.0,2.2919182777404785,0.0
-4.848855018615723,0.05087339986110363,0.0,2.2878775596618652,0.0
-3.9591057300567627,1.149929772900263,0.0,1.6150223016738892,0.0
-4.606038570404053,0.28187892467356424,0.0,2.1180851459503174,0.0
-4.467589855194092,0.43110896365367807,0.0,2.018190860748291,0.0
-3.202009677886963,2.749191295859515,0.0,1.005948543548584,0.0
-3.1915440559387207,2.7635603641156963,0.0,1.001550555229187,0.0
-2.3756508827209473,3.6526440246733345,0.0,0.7319351434707642,0.0
-4.160748481750488,0.8293794917264202,0.0,1.780934453010559,0.0
-4.869625568389893,0.03241280301955745,0.0,2.302375078201294,0.0
-4.95460319519043,0.0,0.0,2.3615801334381104,0.0
-4.005927562713623,1.0691003919949116,0.0,1.6550229787826538,0.0
-4.693190097808838,0.19569537426969727,0.0,2.1790831089019775,0.0
-4.442869186401367,0.4598168101443174,0.0,1.9997352361679077,0.0
-3.897369384765625,1.2686606829426577,0.0,1.5583341121673584,0.0
-3.247671127319336,2.685942249964052,0.0,1.0254321098327637,0.0
-2.5632481575012207,3.5001965478965325,0.0,0.78065425157547,0.0
-2.0422608852386475,4.0,0.0,0.5760514140129089,0.0
-4.0333571434021,1.024178617845263,0.0,1.6777691841125488,0.0
-4.985318660736084,0.0,0.0,2.382920026779175,0.0
-4.322595119476318,0.6078940798306607,0.0,1.9080747365951538,0.0
-4.690762042999268,0.19804585431409807,0.0,2.177384614944458,0.0
-4.583914279937744,0.30440383988724307,0.0,2.1025595664978027,0.0
-4.522639751434326,0.3693892090726831,0.0,2.0586774349212646,0.0
-3.6967761516571045,1.7569140446376703,0.0,1.348228931427002,0.0
-3.672365427017212,1.8241079238927178,0.0,1.3218891620635986,0.0
-2.0419161319732666,3.9767333080724394,0.0,0.2326185256242752,0.0
-2.0472049713134766,4.0,0.0,0.5805382132530212,0.0
-4.20890998840332,0.7606888982893716,0.0,1.8191800117492676,0.0
-4.839170455932617,0.059549452781616434,0.0,2.281116247177124,0.0
-4.009293079376221,1.0635205879904055,0.0,1.6578279733657837,0.0
-4.7744364738464355,0.11868029204429781,0.0,2.2358896732330322,0.0
-4.7570013999938965,0.13494126376728247,0.0,2.2237040996551514,0.0
-4.3241868019104,0.6058436484566294,0.0,1.909305453300476,0.0
-3.7842373847961426,1.5269098425014056,0.0,1.442887306213379,0.0
-3.621398448944092,1.967565184619631,0.0,1.2674826383590698,0.0
-3.238490343093872,2.698719328572075,0.0,1.0214791297912598,0.0
-2.0467026233673096,4.0,0.0,0.5800904631614685,0.0
-4.126273155212402,0.8801133130587293,0.0,1.7533304691314697,0.0
-4.16654634475708,0.8209793056427399,0.0,1.7855570316314697,0.0
-4.884900093078613,0.018968315262924144,0.0,2.313030242919922,0.0
-4.724332332611084,0.1658028958066313,0.0,2.200862407684326,0.0
-4.673398017883301,0.21493292728675767,0.0,2.16524076461792,0.0
-4.537514686584473,0.35324753977546947,0.0,2.0694541931152344,0.0
-3.8954691886901855,1.2725394575685827,0.0,1.556522250175476,0.0
-3.783909320831299,1.5277389546030327,0.0,1.4425328969955444,0.0
-3.3403282165527344,2.55639518484566,0.0,1.0660547018051147,0.0
-2.493511199951172,3.5630278436981464,0.0,0.7609460353851318,0.0
-4.130535125732422,0.8737676076464971,0.0,1.756753921508789,0.0
-4.032812595367432,1.0250569303109704,0.0,1.6773208379745483,0.0
-4.859802722930908,0.04111754170737581,0.0,2.295520067214966,0.0
-4.730320930480957,0.16010832511726658,0.0,2.205049514770508,0.0
-4.674660682678223,0.21370038859185908,0.0,2.166123628616333,0.0
-4.3738226890563965,0.5431403616577593,0.0,1.9474518299102783,0.0
-3.83905291557312,1.3945178004286884,0.0,1.500783085823059,0.0
-3.4416141510009766,2.4117581619719983,0.0,1.1127452850341797,0.0
-3.4621076583862305,2.3752956090449633,0.0,1.1247671842575073,0.0
-2.0436127185821533,3.9265834787179807,0.0,0.1884692907333374,0.0
-4.025460720062256,1.0369822909342676,0.0,1.6712477207183838,0.0
-4.899850845336914,0.005914273775645046,0.0,2.323455810546875,0.0
-4.720178604125977,0.16976317979940084,0.0,2.197957754135132,0.0
-4.718526363372803,0.17134070478642355,0.0,2.1968023777008057,0.0
-4.342502593994141,0.5824337009041137,0.0,1.9234308004379272,0.0
-4.343394756317139,0.5813016882904493,0.0,1.9241173267364502,0.0
-3.708609104156494,1.7247797623728847,0.0,1.3610278367996216,0.0
-3.6852359771728516,1.7885330461080455,0.0,1.335763931274414,0.0
-2.1044063568115234,3.8941976111402816,0.0,0.6436943411827087,0.0
-2.0208823680877686,4.0,0.0,0.49694979190826416,0.0
-4.209115028381348,0.7604015956097067,0.0,1.8193421363830566,0.0
-4.906047344207764,0.0005349420872126497,0.0,2.327775239944458,0.0
-4.948750019073486,0.0,0.0,2.357508897781372,0.0
-4.578833103179932,0.3096392840790465,0.0,2.0989747047424316,0.0
-4.520533084869385,0.37169442650612927,0.0,2.0571448802948,0.0
-3.8998892307281494,1.2635383068692907,0.0,1.5607306957244873,0.0
-3.8988280296325684,1.265692478326677,0.0,1.5597223043441772,0.0
-3.690579891204834,1.773860857364775,0.0,1.3415323495864868,0.0
-3.4582736492156982,2.3824678539888247,0.0,1.1223939657211304,0.0
-2.094895601272583,3.921318729835904,0.0,0.6321225166320801,0.0
-4.075033664703369,0.9581332253929551,0.0,1.7119042873382568,0.0
-4.2093610763549805,0.7600566639171332,0.0,1.819536805152893,0.0
-4.880878448486328,0.022496593958336527,0.0,2.3102259635925293,0.0
-4.713574409484863,0.1760770653764927,0.0,2.1933391094207764,0.0
-4.6443586349487305,0.24350605757943267,0.0,2.1449248790740967,0.0
-4.560956001281738,0.32828263764787663,0.0,2.086280584335327,0.0
-3.7208175659179688,1.6919383521183216,0.0,1.3742470741271973,0.0
-3.652869701385498,1.8785536508521203,0.0,1.3009543418884277,0.0
-2.426295280456543,3.6169177675106603,0.0,0.7436501979827881,0.0
-2.0895471572875977,3.9373190932486364,0.0,0.6250289082527161,0.0
-4.2324981689453125,0.7279308637440711,0.0,1.837783932685852,0.0
-4.895263671875,0.009907860993548363,0.0,2.3202579021453857,0.0
-4.014709949493408,1.0545811280728177,0.0,1.6623338460922241,0.0
-4.964279651641846,0.0,0.0,2.36830735206604,0.0
-4.261674880981445,0.6881919241185002,0.0,1.860679030418396,0.0
-4.611536502838135,0.27632649131950965,0.0,2.1219379901885986,0.0
-4.555960178375244,0.33355427506459157,0.0,2.0827112197875977,0.0
-3.6628968715667725,1.8504762219196262,0.0,1.3117055892944336,0.0
-2.710324764251709,3.3529323088968153,0.0,0.8255342245101929,0.0
-2.416806221008301,3.6239365302887516,0.0,0.7413657307624817,0.0
-4.025347709655762,1.0371673948516413,0.0,1.6711536645889282,0.0
-4.830013275146484,0.0677955475604961,0.0,2.2747204303741455,0.0
-4.268638610839844,0.6788321798213385,0.0,1.8661246299743652,0.0
-4.775750637054443,0.11745981686031004,0.0,2.2368085384368896,0.0
-4.367392063140869,0.5511339536985914,0.0,1.942533016204834,0.0
-4.625048637390137,0.2627456367743935,0.0,2.1314053535461426,0.0
-3.7224743366241455,1.6875060986888066,0.0,1.3760420083999634,0.0
-3.3507003784179688,2.5419247618647334,0.0,1.070658564567566,0.0
-3.193909168243408,2.760318602340968,0.0,1.0025418996810913,0.0
-2.606640338897705,3.458297375481978,0.0,0.7935805320739746,0.0
-4.192229747772217,0.7841994896109177,0.0,1.8059746026992798,0.0
-4.895658016204834,0.009563901513715115,0.0,2.320533037185669,0.0
-4.937551021575928,0.0,0.0,2.3497166633605957,0.0
-4.326659679412842,0.6026653710661792,0.0,1.9112151861190796,0.0
-4.6735124588012695,0.21482105876022625,0.0,2.165320873260498,0.0
-4.567963123321533,0.32093369839502545,0.0,2.091271162033081,0.0
-3.8596975803375244,1.3482787876014364,0.0,1.521633505821228,0.0
-3.661313772201538,1.8548955218348768,0.0,1.310007095336914,0.0
-3.0695269107818604,2.9278521158748094,0.0,0.9518895149230957,0.0
-2.0937447547912598,3.9247181175351944,0.0,0.6306332349777222,0.0
-4.118387699127197,0.891908872646992,0.0,1.7469887733459473,0.0
-4.051711559295654,0.9947816006366319,0.0,1.6928595304489136,0.0
-4.951413631439209,0.0,0.0,2.3593623638153076,0.0
-4.715280055999756,0.17444447969697288,0.0,2.1945319175720215,0.0
-4.7131757736206055,0.17645873246457772,0.0,2.1930603981018066,0.0
-4.520533084869385,0.37169442650612927,0.0,2.0571448802948,0.0
-3.7509217262268066,1.6124063824644077,0.0,1.4068565368652344,0.0
-3.388338088989258,2.4896332083071013,0.0,1.0874165296554565,0.0
-2.960993528366089,3.0709354196541963,0.0,0.9093064069747925,0.0
-2.0212457180023193,4.0,0.0,0.4987733066082001,0.0
-4.025688171386719,1.0366123554813795,0.0,1.6714357137680054,0.0
-4.841699123382568,0.057279292669476414,0.0,2.2828822135925293,0.0
-4.925261497497559,0.0,0.0,2.3411612510681152,0.0
-4.282907962799072,0.6597950158323347,0.0,1.877264142036438,0.0
-4.724284648895264,0.16584803435427445,0.0,2.200829267501831,0.0
-4.521498680114746,0.3706372684379552,0.0,2.057847499847412,0.0
-3.793628215789795,1.5033078704728369,0.0,1.4530179500579834,0.0
-3.7290267944335938,1.6700432679166684,0.0,1.3831393718719482,0.0
-3.0181872844696045,2.9963346522575525,0.0,0.931455135345459,0.0
-2.5553927421569824,3.5075765719179444,0.0,0.7783610224723816,0.0
-4.127306938171387,0.8785715489322613,0.0,1.7541614770889282,0.0
-4.15323543548584,0.8403217485168475,0.0,1.7749353647232056,0.0
-4.965747356414795,0.0,0.0,2.3693275451660156,0.0
-4.750330448150635,0.14120200873979666,0.0,2.2190403938293457,0.0
-4.7183518409729,0.17150777748639884,0.0,2.1966800689697266,0.0
-4.568206787109375,0.3206792630989665,0.0,2.091444253921509,0.0
-3.8846797943115234,1.2948311087237685,0.0,1.5461572408676147,0.0
-3.616332769393921,1.9819800621191006,0.0,1.262147307395935,0.0
-2.852013349533081,3.201295105573333,0.0,0.8707073926925659,0.0
-2.0410330295562744,3.99296939168588,0.0,0.24607853591442108,0.0
-4.880835056304932,0.02253442957220205,0.0,2.3101959228515625,0.0
-4.263661861419678,0.685516729332953,0.0,1.8622334003448486,0.0
-3.993229389190674,1.0903367057580904,0.0,1.6443995237350464,0.0
-4.714418888092041,0.1752679435688772,0.0,2.193930149078369,0.0
-4.712954044342041,0.17667261627159744,0.0,2.192904233932495,0.0
-3.9246184825897217,1.2145453354170392,0.0,1.583873987197876,0.0
-4.480769634246826,0.41605289947019913,0.0,2.0279641151428223,0.0
-3.5705478191375732,2.111784892171004,0.0,1.2151204347610474,0.0
-2.898406505584717,3.1481292405854746,0.0,0.8864498138427734,0.0
-2.603794574737549,3.4610982682484503,0.0,0.7927210330963135,0.0
-4.224449157714844,0.7390455435250404,0.0,1.8314447402954102,0.0
-4.873733043670654,0.02878564122805523,0.0,2.305241584777832,0.0
-4.912204265594482,0.0,0.0,2.332066297531128,0.0
-4.273677825927734,0.6720862047953345,0.0,1.870062232017517,0.0
-4.592386722564697,0.29573525559848624,0.0,2.1085147857666016,0.0
-4.4573974609375,0.4428718210904666,0.0,2.0106005668640137,0.0
-3.7944085597991943,1.5013555739352393,0.0,1.453859567642212,0.0
-3.3557851314544678,2.5348381560693225,0.0,1.07291841506958,0.0
-2.043759822845459,3.9004212095390254,0.0,0.16186371445655823,0.0
-2.480255126953125,3.574214466333798,0.0,0.7573887705802917,0.0
-4.175213813781738,0.8084870308681932,0.0,1.79245924949646,0.0
-4.232639789581299,0.7277360816683106,0.0,1.8378952741622925,0.0
-4.829762935638428,0.06802139949738664,0.0,2.274545669555664,0.0
-4.353026866912842,0.5691268809881421,0.0,1.9315214157104492,0.0
-4.686069965362549,0.20259406034926647,0.0,2.1741037368774414,0.0
-4.676478385925293,0.21192664219254517,0.0,2.1673951148986816,0.0
-3.7694926261901855,1.5644100919825688,0.0,1.426956295967102,0.0
-3.6985039710998535,1.7522028770310816,0.0,1.3500970602035522,0.0
-3.334416389465332,2.564652130953742,0.0,1.0634340047836304,0.0
-2.502925395965576,3.554926006089154,0.0,0.7635124921798706,0.0
-4.196224212646484,0.7785427505661733,0.0,1.8091408014297485,0.0
-4.931795597076416,0.0,0.0,2.3457117080688477,0.0
-4.754522800445557,0.13726474419512188,0.0,2.2219715118408203,0.0
-4.33908224105835,0.5867809430504876,0.0,1.920797348022461,0.0
-3.9681150913238525,1.1337687015802198,0.0,1.6229265928268433,0.0
-4.566277503967285,0.32269665415900645,0.0,2.0900723934173584,0.0
-4.534173488616943,0.3568532368339945,0.0,2.067039966583252,0.0
-3.7086806297302246,1.7245877211182592,0.0,1.3611047267913818,0.0
-3.077113151550293,2.91768452963029,0.0,0.9549343585968018,0.0
-2.0478355884552,4.0,0.0,0.5810976624488831,0.0
-4.116047382354736,0.895423728267429,0.0,1.7451045513153076,0.0
-4.225525856018066,0.7375547474201118,0.0,1.8322933912277222,0.0
-4.88397741317749,0.019777004105071383,0.0,2.312386989593506,0.0
-4.909317493438721,0.0,0.0,2.33005428314209,0.0
-4.739905834197998,0.15102780437233043,0.0,2.211751937866211,0.0
-4.398047924041748,0.5133847170343053,0.0,1.9659087657928467,0.0
-3.668616533279419,1.8345276415667393,0.0,1.317854881286621,0.0
-3.6190454959869385,1.9742591421742808,0.0,1.2650021314620972,0.0
-2.827479124069214,3.2286599096782433,0.0,0.862594485282898,0.0
-2.6218018531799316,3.4432668283747656,0.0,0.7981826066970825,0.0
-4.149774551391602,0.8453833309710739,0.0,1.7721688747406006,0.0
-4.8871684074401855,0.016980878140866722,0.0,2.31461238861084,0.0
-4.844341278076172,0.054911385336165776,0.0,2.284726619720459,0.0
-4.326850891113281,0.6024193374542844,0.0,1.911363124847412,0.0
-4.600555419921875,0.2874327349760093,0.0,2.114241600036621,0.0
-4.44838809967041,0.4533550679197849,0.0,2.00386905670166,0.0
-3.76920485496521,1.5651494712979948,0.0,1.426644206047058,0.0
-3.650118112564087,1.8862877101719953,0.0,1.2980093955993652,0.0
-3.534630060195923,2.2095716693261696,0.0,1.1808372735977173,0.0
-2.022742986679077,4.0,0.0,0.5095848441123962,0.0
-4.031769752502441,1.0267424240580718,0.0,1.676460862159729,0.0
-4.878642559051514,0.024461837439197106,0.0,2.308666467666626,0.0
-4.9903764724731445,0.0,0.0,2.386429786682129,0.0
-4.365161418914795,0.5539146275396389,0.0,1.9408258199691772,0.0
-4.639129161834717,0.24869602780484218,0.0,2.141265392303467,0.0
-4.570430755615234,0.3183588559129883,0.0,2.0930237770080566,0.0
-3.8664941787719727,1.333476043114886,0.0,1.5283796787261963,0.0
-3.3415701389312744,2.554661787647257,0.0,1.0666054487228394,0.0
-2.024467945098877,4.0,0.0,0.4095899760723114,0.0
-2.0384013652801514,4.0,0.0,0.5723909735679626,0.0
-4.167766571044922,0.8192161624092187,0.0,1.7865291833877563,0.0
-4.189222812652588,0.7884694644468003,0.0,1.8035892248153687,0.0
-5.0068182945251465,0.0,0.0,2.397831678390503,0.0
-4.687225341796875,0.2014743005020133,0.0,2.1749107837677,0.0
-4.454290390014648,0.44647836121310386,0.0,2.0082812309265137,0.0
-4.523675441741943,0.3682579300296257,0.0,2.0594301223754883,0.0
-3.78009295463562,1.5373958264245107,0.0,1.4384123086929321,0.0
-3.506497859954834,2.280147442649341,0.0,1.156661033630371,0.0
-3.0067315101623535,3.011470159895528,0.0,0.9269537329673767,0.0
-2.0361711978912354,4.0,0.0,0.30306318402290344,0.0
-4.1239423751831055,0.8835902986742695,0.0,1.7514581680297852,0.0
-4.213274002075195,0.7545856173656819,0.0,1.8226280212402344,0.0
-4.8920063972473145,0.012750706202796652,0.0,2.317986011505127,0.0
-4.986807823181152,0.0,0.0,2.383953094482422,0.0
-4.682846546173096,0.2057248012284379,0.0,2.1718497276306152,0.0
-4.5642781257629395,0.3247917940290232,0.0,2.088649034500122,0.0
-3.864168882369995,1.3385176632791604,0.0,1.5260781049728394,0.0
-3.2481698989868164,2.6852479706081556,0.0,1.0256471633911133,0.0
-2.1918962001800537,3.7639909343990796,0.0,0.6936970353126526,0.0
-2.0192506313323975,4.0,0.0,0.5352645516395569,0.0
-4.90654993057251,9.862086192923846e-05,0.0,2.3281261920928955,0.0
-4.013407230377197,1.056724515303824,0.0,1.6612521409988403,0.0
-4.799109935760498,0.09591084664696146,0.0,2.2531321048736572,0.0
-4.301242828369141,0.6356284076139961,0.0,1.8915293216705322,0.0
-4.606192111968994,0.28172273194737046,0.0,2.1181933879852295,0.0
-4.56619119644165,0.322787856971644,0.0,2.090010404586792,0.0
-3.882939577102661,1.2984705878272473,0.0,1.5444726943969727,0.0
-3.735991954803467,1.6515874248350726,0.0,1.390684723854065,0.0
-2.9753265380859375,3.0525078770081144,0.0,0.9147695899009705,0.0
-2.077510118484497,3.970843015223384,0.0,0.6093850135803223,0.0
-4.196865558624268,0.7776368305725587,0.0,1.8096485137939453,0.0
-4.845639228820801,0.05375001179608783,0.0,2.2856321334838867,0.0
-4.722606182098389,0.16744804816922182,0.0,2.199655055999756,0.0
-4.327348232269287,0.6017802822266276,0.0,1.9117474555969238,0.0
-4.684851169586182,0.20377835266536776,0.0,2.173250675201416,0.0
-4.5758137702941895,0.31276387155649826,0.0,2.096839427947998,0.0
-3.866384506225586,1.3337134713057925,0.0,1.528271198272705,0.0
-3.7935845851898193,1.5034163078719232,0.0,1.4529712200164795,0.0
-2.0371243953704834,3.84848720719134,0.0,0.0680324137210846,0.0
-2.086890935897827,3.945352830213464,0.0,0.6213825941085815,0.0
-4.057182312011719,0.9861166814711722,0.0,1.6973389387130737,0.0
-4.187769412994385,0.7905370085468605,0.0,1.8024356365203857,0.0
-4.878301620483398,0.024762484217371445,0.0,2.3084280490875244,0.0
-4.806952953338623,0.08873238850006306,0.0,2.2586123943328857,0.0
-4.682717800140381,0.205851406329293,0.0,2.1717586517333984,0.0
-4.387715816497803,0.5260078219427545,0.0,1.9580503702163696,0.0
-3.6723406314849854,1.8241767791307104,0.0,1.3218624591827393,0.0
-3.635251045227051,1.9282458288251774,0.0,1.2821552753448486,0.0
-2.1159255504608154,3.8645127596831057,0.0,0.655808687210083,0.0
-2.021639108657837,4.0,0.0,0.5472539663314819,0.0
-4.23472261428833,0.7248723932196139,0.0,1.8395332098007202,0.0
-4.8387770652771,0.05990432122355754,0.0,2.2808403968811035,0.0
-4.829100608825684,0.06861990584556132,0.0,2.274082660675049,0.0
-3.986934185028076,1.10100481970111,0.0,1.6390937566757202,0.0
-4.353290557861328,0.5687941235663154,0.0,1.9317243099212646,0.0
-4.586635112762451,0.3016110633933371,0.0,2.104475498199463,0.0
-3.87336802482605,1.3187069185843923,0.0,1.5351454019546509,0.0
-3.415782928466797,2.4515515493574687,0.0,1.0997450351715088,0.0
-2.9555466175079346,3.077875189645125,0.0,0.9072499871253967,0.0
-2.558544635772705,3.5046240283261625,0.0,0.7792791128158569,0.0
-4.865088939666748,0.03642736845711155,0.0,2.2992093563079834,0.0
-4.239342212677002,0.7185338321599009,0.0,1.8431652784347534,0.0
-4.727542400360107,0.16274794250556146,0.0,2.2031071186065674,0.0
-4.724537372589111,0.165607091145221,0.0,2.2010061740875244,0.0
-3.9540679454803467,1.1591006517738676,0.0,1.6105573177337646,0.0
-4.472360134124756,0.42564044587431843,0.0,2.021733045578003,0.0
-3.7911953926086426,1.5093998238401833,0.0,1.4503953456878662,0.0
-3.70879864692688,1.7242673812655072,0.0,1.3612329959869385,0.0
-3.433842658996582,2.4244193632539077,0.0,1.108595609664917,0.0
-2.040872812271118,3.8642634819070985,0.0,0.11270348727703094,0.0
-4.044020175933838,1.0070396498039669,0.0,1.6865471601486206,0.0
-4.854687213897705,0.04566964421474016,0.0,2.2919487953186035,0.0
-4.24306583404541,0.7134415558968248,0.0,1.8460898399353027,0.0
-4.724775791168213,0.16538078775005036,0.0,2.201172351837158,0.0
-4.449918270111084,0.4515683089042209,0.0,2.005014181137085,0.0
-4.553260326385498,0.3364147055019357,0.0,2.080778121948242,0.0
-3.75586199760437,1.5995578068511738,0.0,1.412205696105957,0.0
-3.545199155807495,2.181498758356624,0.0,1.19058358669281,0.0
-3.367975950241089,2.517876332115284,0.0,1.0783414840698242,0.0
-2.5003719329833984,3.5571362312264667,0.0,0.762813150882721,0.0
-4.095613956451416,0.9264002900417939,0.0,1.7286067008972168,0.0
-4.8359785079956055,0.062419866862430506,0.0,2.278886556625366,0.0
-4.287632942199707,0.6535368150574355,0.0,1.880944848060608,0.0
-4.730162143707275,0.16025823962857322,0.0,2.204939126968384,0.0
-4.603325366973877,0.28462521686584746,0.0,2.116183280944824,0.0
-4.5266923904418945,0.36496811430963666,0.0,2.0616211891174316,0.0
-3.898430585861206,1.2665011934857935,0.0,1.559343934059143,0.0
-3.6699588298797607,1.830792646307563,0.0,1.3192994594573975,0.0
-2.993924617767334,3.0282964029832242,0.0,0.9219546318054199,0.0
-2.61558198928833,3.4494541718457037,0.0,0.7962902188301086,0.0
-4.1598405838012695,0.8306990597125753,0.0,1.7802096605300903,0.0
-4.90601921081543,0.0005592513271928046,0.0,2.3277556896209717,0.0
-4.756289482116699,0.1356085686369314,0.0,2.2232062816619873,0.0
-4.3038249015808105,0.6322519424976815,0.0,1.8935335874557495,0.0
-4.433512210845947,0.4708372688817547,0.0,1.9927119016647339,0.0
-4.611330509185791,0.27653341077507326,0.0,2.1217942237854004,0.0
-3.8942770957946777,1.274981120453869,0.0,1.5553829669952393,0.0
-3.7714667320251465,1.5593590966576218,0.0,1.4290903806686401,0.0
-3.411977529525757,2.456884326311311,0.0,1.098012089729309,0.0
-2.5354127883911133,3.526023438119025,0.0,0.7726051211357117,0.0
-4.0567121505737305,0.9868597248973073,0.0,1.6969542503356934,0.0
-4.885835647583008,0.018147725247525944,0.0,2.313683271408081,0.0
-4.856466293334961,0.04408469070198552,0.0,2.2931911945343018,0.0
-4.273736953735352,0.6720072756344087,0.0,1.8701083660125732,0.0
-4.757790565490723,0.13420168709893082,0.0,2.2242560386657715,0.0
-4.329223155975342,0.5993746335831275,0.0,1.9131951332092285,0.0
-3.7899773120880127,1.5124566320036426,0.0,1.4490814208984375,0.0
-3.727566719055176,1.6739250861277142,0.0,1.3815581798553467,0.0
-2.5558667182922363,3.5071335681453504,0.0,0.7784988284111023,0.0
-2.1455929279327393,3.8105401922619175,0.0,0.676662027835846,0.0
-4.8359785079956055,0.062419866862430506,0.0,2.278886556625366,0.0
-4.785542964935303,0.10839497907109226,0.0,2.243652105331421,0.0
-3.9973690509796143,1.0833814494723109,0.0,1.6478698253631592,0.0
-4.296867847442627,0.6413661745471411,0.0,1.888129711151123,0.0
-4.5685715675354,0.3202983678467959,0.0,2.091703414916992,0.0
-4.525816440582275,0.36592304675901105,0.0,2.0609848499298096,0.0
-3.7122485637664795,1.7149528204617746,0.0,1.3649685382843018,0.0
-3.6398541927337646,1.9152232762340924,0.0,1.2870539426803589,0.0
-3.1629750728607178,2.8024702166267565,0.0,0.9896899461746216,0.0
-2.3127899169921875,3.691385182288383,0.0,0.7189611196517944,0.0
-4.856176853179932,0.04434221322976789,0.0,2.2929892539978027,0.0
-4.252866268157959,0.7001018043992766,0.0,1.8537791967391968,0.0
-4.993143558502197,0.0,0.0,2.388349771499634,0.0
-4.000768661499023,1.0776938993517502,0.0,1.6507141590118408,0.0
-4.6557722091674805,0.23222346727863785,0.0,2.1529126167297363,0.0
-4.423208713531494,0.4830749005908106,0.0,1.9849522113800049,0.0
-3.919771194458008,1.2239691836634345,0.0,1.5793910026550293,0.0
-3.489290714263916,2.3196337925125894,0.0,1.143330693244934,0.0
-2.5037741661071777,3.5541896009423883,0.0,0.7637453675270081,0.0
-2.036738157272339,4.0,0.0,0.29721152782440186,0.0
-4.114875793457031,0.8971853632146466,0.0,1.7441611289978027,0.0
-4.193700313568115,0.782114884018308,0.0,1.807140588760376,0.0
-4.877089500427246,0.02582899846665549,0.0,2.3075826168060303,0.0
-4.683547496795654,0.2050438572436856,0.0,2.172339677810669,0.0
-4.595743179321289,0.29232039834555495,0.0,2.110867500305176,0.0
-4.547244071960449,0.34281503956336645,0.0,2.0764620304107666,0.0
-3.75455641746521,1.6029484380599335,0.0,1.4107918739318848,0.0
-3.660937547683716,1.8559497646620358,0.0,1.3096022605895996,0.0
-2.7722268104553223,3.2885370023181726,0.0,0.8447946906089783,0.0
-2.6536331176757812,3.4111978822193,0.0,0.8079479932785034,0.0
-4.973146915435791,0.0,0.0,2.3744685649871826,0.0
-4.285027027130127,0.6569856201969395,0.0,1.8789153099060059,0.0
-4.725202560424805,0.16497402776295936,0.0,2.2014710903167725,0.0
-4.331344127655029,0.596657091179305,0.0,1.9148322343826294,0.0
-3.9435365200042725,1.1785774368228827,0.0,1.6011234521865845,0.0
-4.529655933380127,0.3617475391871519,0.0,2.0637693405151367,0.0
-3.8477985858917236,1.3746881063035914,0.0,1.5096838474273682,0.0
-3.5693233013153076,2.115210647483606,0.0,1.2139033079147339,0.0
-3.4486896991729736,2.3996847491954867,0.0,1.1167141199111938,0.0
-2.026186943054199,4.0,0.0,0.5569264888763428,0.0
-4.10966157913208,0.9050493510005984,0.0,1.739957332611084,0.0
-4.896699905395508,0.008655752054705678,0.0,2.3212597370147705,0.0
-4.949034214019775,0.0,0.0,2.3577075004577637,0.0
-4.394948482513428,0.517160831833265,0.0,1.963553547859192,0.0
-3.939690113067627,1.1857856376148967,0.0,1.5976487398147583,0.0
-4.5735907554626465,0.3150697909324579,0.0,2.0952656269073486,0.0
-4.4788289070129395,0.41825805816868694,0.0,2.0265285968780518,0.0
-3.7015442848205566,1.7439315577983754,0.0,1.3533837795257568,0.0
-3.3540146350860596,2.5373049245820014,0.0,1.0721313953399658,0.0
-2.030238151550293,4.0,0.0,0.5630385279655457,0.0
-4.168145179748535,0.8186696263295689,0.0,1.7868306636810303,0.0
-4.195666313171387,0.7793321554293853,0.0,1.8086985349655151,0.0
-4.904114723205566,0.0022104266677257342,0.0,2.3264284133911133,0.0
-4.7671051025390625,0.12549937751850934,0.0,2.230766773223877,0.0
-4.367091655731201,0.5515073431137637,0.0,1.9423036575317383,0.0
-3.9555959701538086,1.1563090875609086,0.0,1.611914873123169,0.0
-4.652149200439453,0.23579747875746496,0.0,2.1503775119781494,0.0
-3.5788044929504395,2.0885899096145364,0.0,1.2233929634094238,0.0
-2.6549322605133057,3.409875826020184,0.0,0.8083491325378418,0.0
-2.066772699356079,3.9936238321194164,0.0,0.5980120301246643,0.0
-4.183442115783691,0.7967046400497683,0.0,1.7989999055862427,0.0
-4.851525783538818,0.04848720433162928,0.0,2.289742946624756,0.0
-4.776834487915039,0.11645369938149361,0.0,2.2375664710998535,0.0
-4.319156646728516,0.6123303522987096,0.0,1.9054155349731445,0.0
-3.968522548675537,1.1330450682028723,0.0,1.6232815980911255,0.0
-4.5281829833984375,0.3633468666264288,0.0,2.062702178955078,0.0
-3.8511850833892822,1.3671062648561203,0.0,1.5131032466888428,0.0
-3.610541343688965,1.9984714361968854,0.0,1.2560718059539795,0.0
-2.478665828704834,3.575538154727167,0.0,0.756966769695282,0.0
-2.1242408752441406,3.8463041868825707,0.0,0.6629971861839294,0.0
-4.892937183380127,0.011937258145297615,0.0,2.3186357021331787,0.0
-4.905515193939209,0.0009959876459312144,0.0,2.327404499053955,0.0
-4.28275203704834,0.6600034492652154,0.0,1.8771417140960693,0.0
-3.9795243740081787,1.1137471407413915,0.0,1.63278329372406,0.0
-3.9220597743988037,1.219507670054662,0.0,1.5815114974975586,0.0
-4.572341442108154,0.3163693483741869,0.0,2.094379425048828,0.0
-4.4845380783081055,0.4117795161833976,0.0,2.030750036239624,0.0
-3.6522088050842285,1.880411579927404,0.0,1.300246238708496,0.0
-3.500929355621338,2.293268560591408,0.0,1.1522161960601807,0.0
-2.043647050857544,3.8955639439957994,0.0,0.1564052850008011,0.0
